<?xml version="1.0" encoding="UTF-8" standalone="yes"?>
<addon id="service.fd628" name="FD628 Service" version="9.0.120" provider-name="Arthur Liberman (arthur_liberman@hotmail.com)">
  <requires><import addon="xbmc.python" version="2.1.0"/>

  </requires>
  <extension point="xbmc.service" library="resources/lib/service.py" start="startup">
  </extension>
  <extension point="xbmc.addon.metadata">
    <summary>Service for controlling FD628 VFD display icons</summary>
    <description>
Service for controlling FD628 VFD display icons, e.g. Ethernet/WiFi connection status and Time
    </description>
    <disclaimer>

    </disclaimer>
    <platform>all</platform>
    <news>
120
- Add temperature, playback time (PVR sources not supported) and date display.
- Expand and rearrange the settings.

110
- Rewrite add-on from scratch
- Add support for APPS, SETUP, CVBS (X92) and POWER (A1 Max) indicators.
- Add a configuration dialog:
    * Adjust display brightness.
    * Storage access indication.
    * Advanced hardware configuration of the display.
- Fix crash if aml_fd628 module is not loaded (led_on, led_off files don't exist)
- Fix disable add-on from Kodi UI.
- Turn off indicators when add-on is disabled.

100
- Initial add-on
    </news>
    <assets><icon>resources/icon.png</icon><fanart>resources/fanart.png</fanart>

    </assets>
  </extension>
</addon>
