<?xml version="1.0" encoding="UTF-8" standalone="yes"?>
<addon id="service.librespot"
       name="Librespot"
       version="9.0.110"
       provider-name="Anton Voyl (awiouy)">
  <requires>
    <import addon="os.libreelec.tv" version="9.0"/>
    <import addon="xbmc.python" version="2.1.0"/>

  </requires>
  <extension point="xbmc.service" library="default.py">
    <provides></provides>
  </extension>
  <extension point="xbmc.python.library" library="addon.py">
    <provides></provides>
  </extension>
  <extension point="xbmc.addon.metadata">
    <summary>Librespot: play Spotify through LibreELEC using a Spotify app as a remote</summary>
    <description>
Librespot (685fb4e) plays Spotify through LibreELEC using the open source librespot library using a Spotify app as a remote.
    </description>
    <disclaimer>

    </disclaimer>
    <platform>all</platform>
    <news>
110
- Update to 685fb4e
- Add kSupportsPlaylistV2 enum

109
- Refer librespot-org repository
- Update to bc7ceb3
- Set stream type to audio in Kodi mode
- Initial volume as a setting

108
- Correct bug which prevented disabling the service from Kodi
- Place named pipe in /var/run/librespot

107
- Update to ddfc28f

106
- Rework code
- Display artist and title on track load

105
- Update to 910974e

104
- Switch from ffmpegx to pulseaudio to stream to Kodi
- Wait for sound.target

103
- Update system_information_string

102
- Update to aa86ebf

101
- Enable streaming to Kodi

100
- Initial addon
    </news>
    <assets>
      <icon>resources/icon.png</icon>
      <fanart>resources/fanart.png</fanart>

    </assets>
  </extension>
</addon>
