<?xml version="1.0" encoding="UTF-8" standalone="yes"?>
<addon id="service.openvfd" name="OpenVFD" version="1.0.0.0" provider-name="Arthur Liberman">
  <requires>
    <import addon="xbmc.python" version="2.1.0"/>
  </requires>
  <extension point="xbmc.service" library="service.py" start="startup"/>
  <extension point="xbmc.addon.metadata">
    <summary>Service for controlling VFD displays</summary>
    <description>Service for controlling VFD displays, e.g. Display icons (Ethernet/WiFi connection status) Time, Date, Playback time</description>
    <source>https://github.com/arthur-liberman/service.openvfd</source>
    <platform>all</platform>
  </extension>
</addon>
