<?xml version="1.0" encoding="UTF-8" standalone="yes"?>
<addon id="service.tvheadend42" name="Tvheadend Server 4.2" version="9.0.115" provider-name="Team CoreELEC">
  <requires><import addon="xbmc.python" version="2.1.0"/>

  </requires>
  <extension point="xbmc.service" library="default.py">
    <provides></provides>
  </extension>
  <extension point="xbmc.python.script" library="download.py">
    <provides></provides>
  </extension>
  <extension point="xbmc.addon.metadata">
    <summary>Tvheadend: a TV streaming server for Linux</summary>
    <description>
Tvheadend (4.2.6-1): is a TV streaming server for Linux supporting DVB-S/S2, DVB-C, DVB-T/T2, IPTV, SAT>IP, ATSC and ISDB-T
    </description>
    <disclaimer>

    </disclaimer>
    <platform>all</platform>
    <news>
114
- update to 4.2.5-31
- addded manual Scan-Table update

113
- update to 4.2.4-23
- full transcoding support

112
- update to 4.2.3-20
- changed name

111
- update to Tvheadend 4.2.2-75

110
- added tv_grab_file support for compressed files (gz bz2 xz)
- update to Tvheadend 4.2.1.7
- fix FRITZ!Box support, AVM Repeater and 6490 are now working

109
- added custom start options to addon
- added FRITZ!Box Sat>IP server support to addon
- update to Tvheadend 4.1.2415
- fix debug if activated but nothing selected

108
- added CA (libdvben50221) support
- update to Tvheadend 4.1.2401

107
- rebuild due ssl change

106
- update to Tvheadend 4.1.2309
- service gets restarted at changes in add-on settings
- improved Tvh defaults

105
- update to Tvheadend 4.1.2236
- fixes picons download from Tvh server
- fixes empty/incomplete frequency scan-tables

104
- update to Tvheadend 4.1.2195
- added TRACE debug option at the addon config

103
- update to Tvheadend 4.1.2134

102
- update for LibreELEC 8.0
- update to Tvheadend 4.1.1945
- fix the XMLTV import script

100
- initial LibreELEC version
    </news>
    <assets><icon>resources/icon.png</icon><fanart>resources/fanart.png</fanart>
<screenshot>resources/screenshot-01.png</screenshot>
<screenshot>resources/screenshot-02.png</screenshot>
<screenshot>resources/screenshot-03.png</screenshot>
<screenshot>resources/screenshot-04.png</screenshot>

    </assets>
  </extension>
</addon>
