<?xml version="1.0" encoding="UTF-8"?>
<addon id="pvr.teleboy" version="18.0.18.1" name="Teleboy PVR Client" provider-name="rbuehlma">
  <requires>
    <import addon="kodi.binary.global.main" version="1.0.13"/>
    <import addon="kodi.binary.global.gui" version="5.12.0"/>
    <import addon="kodi.binary.instance.pvr" version="5.10.0"/>
  </requires>
  <extension point="xbmc.pvrclient" library_linux="pvr.teleboy.so.18.0.18"/>
  <extension point="xbmc.addon.metadata">
    <summary lang="de_DE">Kodi-PVR-Client für Teleboy</summary>
    <summary lang="en_AU">Kodi's frontend for Teleboy</summary>
    <summary lang="en_GB">Kodi's frontend for Teleboy</summary>
    <summary lang="en_NZ">Kodi's frontend for Teleboy</summary>
    <summary lang="en_US">Kodi's frontend for Teleboy</summary>
    <description lang="de_DE">PVR-Client für Teleboy. Unterstützt TV &amp; Aufnahmen, TV-Guide (EPG) und Timer.</description>
    <description lang="en_AU">Teleboy frontend; supporting streaming of Live TV &amp; Recordings, EPG, Timers</description>
    <description lang="en_GB">Teleboy frontend; supporting streaming of Live TV &amp; Recordings, EPG, Timers</description>
    <description lang="en_NZ">Teleboy frontend; supporting streaming of Live TV &amp; Recordings, EPG, Timers</description>
    <description lang="en_US">Teleboy frontend; supporting streaming of Live TV &amp; Recordings, EPG, Timers</description>
    <disclaimer lang="de_DE">Die Autoren sind in keiner Weise verantwortlich für fehlgeschlagene Aufnahmen, falsche Timer, verschwendete Zeit oder andere ungewünschte Effekte.</disclaimer>
    <disclaimer lang="en_AU">The authors are in no way responsible for failed recordings, incorrect timers, wasted hours, or any other undesirable effects..</disclaimer>
    <disclaimer lang="en_GB">The authors are in no way responsible for failed recordings, incorrect timers, wasted hours, or any other undesirable effects..</disclaimer>
    <disclaimer lang="en_NZ">The authors are in no way responsible for failed recordings, incorrect timers, wasted hours, or any other undesirable effects..</disclaimer>
    <disclaimer lang="en_US">The authors are in no way responsible for failed recordings, incorrect timers, wasted hours, or any other undesirable effects..</disclaimer>
    <platform>linux</platform>
  </extension>
</addon>
