<?xml version="1.0" encoding="UTF-8"?>
<addon id="game.libretro.tyrquake" name="Quake 1 (TyrQuake)" version="0.62.0.105" provider-name="Libretro">
  <requires>
    <import addon="game.libretro" version="1.0.0"/>
    <import addon="game.controller.default" version="1.0.0"/>
    <import addon="game.controller.keyboard" version="1.0.0"/>
    <import addon="game.controller.mouse" version="1.0.0"/>
  </requires>
  <extension point="kodi.gameclient" library_linux="game.libretro.tyrquake.so">
    <platforms/>
    <extensions>pak</extensions>
    <supports_vfs>false</supports_vfs>
    <supports_standalone>false</supports_standalone>
  </extension>
  <extension point="xbmc.addon.metadata">
    <summary lang="en_GB">Quake 1 (TyrQuake) v0.62</summary>
    <description lang="en_GB">Tyr-Quake is a branch of the Quake source code released by id. It's intended to support Quake and Quakeworld while fixing little bugs that have come up over the years.

Supported files: .pak</description>
    <license>GPLv2</license>
    <platform>linux</platform>
    <assets>
      <icon>resources/icon.png</icon>
      <screenshot>resources/screenshot-01.jpg</screenshot>
      <screenshot>resources/screenshot-02.jpg</screenshot>
      <screenshot>resources/screenshot-03.jpg</screenshot>
    </assets>
  </extension>
</addon>
