<?xml version="1.0" encoding="UTF-8"?>
<addon id="pvr.mediaportal.tvserver" version="3.4.4.2" name="MediaPortal PVR Client" provider-name="Marcel Groothuis">
  <requires>
    <import addon="kodi.binary.global.main" version="1.0.13"/>
    <import addon="kodi.binary.global.gui" version="5.12.0"/>
    <import addon="kodi.binary.instance.pvr" version="5.9.0"/>
  </requires>
  <extension point="xbmc.pvrclient" library_linux="pvr.mediaportal.tvserver.so.3.4.4"/>
  <extension point="xbmc.addon.metadata">
    <summary lang="af_ZA">Kodi voorprogram vir die MediaPortal TV Bediener (ffmpeg + tsreader weergawe)</summary>
    <summary lang="be_BY">Kodi frontend for the MediaPortal TV Server (ffmpeg + tsreader version)</summary>
    <summary lang="bg_BG">Kodi клиент за ТВ сървъра MediaPortal (ffmpeg + tsreader версия)</summary>
    <summary lang="ca_ES">Frontal de Kodi per al servidor de TV MediaPortal</summary>
    <summary lang="cs_CZ">Rozhraní Kodi pro televizní server MediaPortal</summary>
    <summary lang="cy_GB">Blaen Kodi ar gyfer Gweinydd Teledu MediaPortal (fersiwn ffmpeg + tsreader)</summary>
    <summary lang="da_DK">Kodi frontend til MediaPortal TV server (ffmpeg + tsreader version)</summary>
    <summary lang="de_DE">Kodi Oberfläche für den MediaPortal TV Server (ffmpeg + tsreader Version)</summary>
    <summary lang="el_GR">Frontend του Kodi για το διακομιστή MediaPortal TV (έκδοση ffmpeg + tsreader)</summary>
    <summary lang="en_AU">Kodi frontend for the MediaPortal TV Server (ffmpeg + tsreader version)</summary>
    <summary lang="en_GB">Kodi frontend for the MediaPortal TV Server</summary>
    <summary lang="en_NZ">Kodi frontend for the MediaPortal TV Server (ffmpeg + tsreader version)</summary>
    <summary lang="en_US">Kodi frontend for the MediaPortal TV Server (FFmpeg + TSReader version)</summary>
    <summary lang="es_AR">Interfaz Kodi para el MediaPortal TV Server (versión ffmpeg + tsreader)</summary>
    <summary lang="es_ES">Interfaz Kodi para el MediaPortal TV Server (versión ffmpeg + tsreader)</summary>
    <summary lang="es_MX">Kodi frontend para el MediaPortal TV Server</summary>
    <summary lang="et_EE">Kodi liides MediaPortal TV serverile</summary>
    <summary lang="fi_FI">Kodin MediaPortal TV-server -asiakasohjelma</summary>
    <summary lang="fr_CA">Frontal Kodi pour le serveur MediaPortal TV</summary>
    <summary lang="fr_FR">Interface logicielle Kodi pour le serveur TV de MediaPortal</summary>
    <summary lang="gl_ES">O Interface do Kodi para o Servidor de TV de MediaPortal (versión de ffmpeg + tsreader)</summary>
    <summary lang="he_IL">לקוח טלוויזיה חיה עבור MediaPortal (גרסת FFmpeg ו־TSReader)</summary>
    <summary lang="hr_HR">Kodi sučelje za MediaPortal TV poslužitelj (ffmpeg + tsreader inačica)</summary>
    <summary lang="hu_HU">Kodi előtét a MediaPortal TV kiszolgálóhoz (ffmpeg + tsreader)</summary>
    <summary lang="id_ID">Frontend Kodi untuk Server TV MediaPortal (versi ffmpeg + tsreader)</summary>
    <summary lang="is_IS">Framendi fyrir Kodi til að nota MediaPortal TV Server (ffmpeg + tsreader version)</summary>
    <summary lang="it_IT">Frontend Kodi per il server MediaPortal TV (versione ffmpeg + tsreader)</summary>
    <summary lang="ja_JP">MediaPortal TV サーバー (ffmpeg + tsreader バージョン) の Kodi フロントエンド</summary>
    <summary lang="ko_KR">MediaPortal TV Server (ffmpeg + tsreader version) 을 위한 Kodi 프론트엔드</summary>
    <summary lang="lt_LT">Kodi sąsaja MediaPortal TV serveriui (ffmpeg + tsreader versija)</summary>
    <summary lang="lv_LV">Kodi galasistēma MediaPortal TV Server (ffmpeg + tsreader versija)</summary>
    <summary lang="mk_MK">Kodi интерфејс за MediaPortal TV Server (ffmpeg + tsreader верзија)</summary>
    <summary lang="ms_MY">Bahagian hadapan Kodi untuk Pelayan TV MediaPortal (versi ffmpeg + tsreader)</summary>
    <summary lang="my_MM">MediaPortal TV Server အတွက် Kodi frontend (ffmpeg + tsreader version)</summary>
    <summary lang="nb_NO">Kodi-drakt for MediaPortal TV-tjener (ffmpeg + tsreader-versjon)</summary>
    <summary lang="nl_NL">Kodi frontend voor de Mediaportal TV Server</summary>
    <summary lang="pl_PL">Klient telewizyjny dla MediaPortal TV  (wersja ffmpeg + tsreader)</summary>
    <summary lang="pt_BR">Frontend  do Kodi para Servidor de TV MediaPortal (ffmpeg + versão tsreader)</summary>
    <summary lang="pt_PT">Interface Kodi para MediaPortal TV Server (versão ffmpeg + tsreader)</summary>
    <summary lang="ro_RO">Partea din față a Kodi pentru servitorul tv MediaPortal</summary>
    <summary lang="ru_RU">Интерфейс Kodi для ТВ-сервера MediaPortal (версия ffmpeg + tsreader)</summary>
    <summary lang="sk_SK">Kodi rozhranie pre MediaPortal TV server (verzia ffmpeg + tsreader)</summary>
    <summary lang="sl_SI">Kodijev vmesnik za strežnik MediaPortal TV (ffmpeg + tsreader)</summary>
    <summary lang="sr_RS">Kodi интерфејс за MediaPortal ТВ Сервер</summary>
    <summary lang="sr_RS@latin">Kodi interfejs za MediaPortal TV Server</summary>
    <summary lang="sv_SE">Kodi's frontend MediaPortal TV-server</summary>
    <summary lang="tr_TR">MediaPortal TV Sunucusu için Kodi ön ucu (ffmpeg + tsreader sürümü)</summary>
    <summary lang="uk_UA">Накладка Kodi для сервера ТВ MediaPortal'у  (версія ffmpeg + tsreader)</summary>
    <summary lang="vi_VN">Giao tiếp Kodi cho MediaPortal TV Server (phiên bản ffmpeg + tsreader)</summary>
    <summary lang="zh_CN">Kodi 的 MediaPortal TV 服务器前端</summary>
    <summary lang="zh_TW">MediaPortal電視服務器的Kodi前端 (ffmpeg+tsreader版本)</summary>
    <description lang="af_ZA">MediaPortal TV Bediener voorprogram. Ondersteun stroom van Lewendige TV &amp; Opnames, luister na Radio kanale, EPG en Tydhouers. Hierdie byvoegsel kombineer die voormalige ffmpeg en tsreader byvoegsels.</description>
    <description lang="be_BY">MediaPortal TV Server frontend. Supports streaming of Live TV &amp; Recordings, listening to Radio channels, EPG and Timers. This addon combines the former ffmpeg and tsreader addons.</description>
    <description lang="bg_BG">Kodi клиент за ТВ сървъра MediaPortal. Поддържа поточна телевизия и записване, слушане на радио канали, електронен програмен справочник и броячи. Добавката обединява старите добавки ffmpeg и tsreader.</description>
    <description lang="ca_ES">Frontal del servidor de TV MediaPortal. És compatible amb les transmissions en línia de TV en directe i enregistraments, escolta de canals de ràdio, guia electrònica de programació (EPG) i temporitzadors.</description>
    <description lang="cs_CZ">Rozhraní pro televizní server MediaPortal. Podporuje streamování živého vysílání a nahrávek, poslech kanálů rádia, televizní program a časovače.</description>
    <description lang="cy_GB">Blaen Gweinydd Teledu Media Portal. Mae'n cynnal ffrydio Teledu Byw a Recordiadau, gwrando ar sianeli Radio, Amserlenni Rhaglenni Electronig ac Amseryddion. Mae'r ychwanegyn yn cynnwys y cyn ychwanegion ffmpeg a tsreader.</description>
    <description lang="da_DK">MediaPortal TV server frontend. Understøtter streaming af TV og Optagelser, Radiokanaler, EPG og Timere. Denne addon kombinerer de gamle ffmpeg og tsreader addons.</description>
    <description lang="de_DE">Mediaportal TV Server Oberfläche. Unterstützt Live TV &amp; Aufnahmen, Radiokanäle, EPG und Timer. Dieses Addon kombiniert die ehemaligen ffmpeg- und tsreader-Addons.</description>
    <description lang="el_GR">Frontend για το διακομιστή MediaPortal TV. Υποστηρίζει ροές Live TV &amp; Εγγραφές, ακρόαση Ραδιοφώνου, EPG και Χρονοδιακόπτες. Αυτό το πρόσθετο συνδυάζει τα προηγούμενα πρόσθετα ffmpeg και tsreader.</description>
    <description lang="en_AU">MediaPortal TV Server frontend. Supports streaming of Live TV &amp; Recordings, listening to Radio channels, EPG and Timers. This addon combines the former ffmpeg and tsreader addons.</description>
    <description lang="en_GB">MediaPortal TV Server frontend. Supports streaming of Live TV &amp; Recordings, listening to Radio channels, EPG and Timers.</description>
    <description lang="en_NZ">MediaPortal TV Server frontend. Supports streaming of Live TV &amp; Recordings, listening to Radio channels, EPG and Timers. This addon combines the former ffmpeg and tsreader addons.</description>
    <description lang="en_US">MediaPortal TV Server frontend. Supports streaming of Live TV &amp; Recordings, listening to Radio channels, EPG and Timers. This addon combines the former FFmpeg and TSReader addons.</description>
    <description lang="es_AR">Interfaz MediaPortal TV Server. Soporta transmisión de TV en vivo y grabaciones, escuchar canales de radio, GEP y temporizadores. Este complemento combina los anteriores ffmpeg y tsreader.</description>
    <description lang="es_ES">Interfaz MediaPortal TV Server. Soporta transmisión de TV en vivo y grabaciones, escuchar canales de radio, EPG y temporizadores. Este complemento combina los anteriores ffmpeg y tsreader.</description>
    <description lang="es_MX">MediaPortal TV Server frontend. Soporta streaming de TV y grabaciones en vivo, escucha de canales de radio, EPG y temporizadores.</description>
    <description lang="et_EE">MediaPortal TV serveri esi. Toetab telekanalite striimimist ja salvestamist, raadio kuulamist ja elektroonilist saatekava. See lisa kombineerib endas endised ffmpeg ja tsreader lisad.</description>
    <description lang="fi_FI">MediaPortal TV Serverin asiakasohjelma. Tukee suorien tv-lähetysten ja tallennusten katsomista, radiokanavia, ohjelmaopasta ja ohjelmien ajastamista.</description>
    <description lang="fr_CA">Frontal pour le serveur MediaPortal TV, prenant en charge la diffusion en continu des télés en direct et les enregistrements, l’écoute de chaînes radio, le GÉP et les minuteries.</description>
    <description lang="fr_FR">Interface logicielle pour le serveur TV de MediaPortal. Il gère la lecture et l'enregistrement en continu de la TV en direct, l'écoute de radios, le guide électronique des programmes TV et les programmations.</description>
    <description lang="gl_ES">Interface do Servidor de TV de MediaPortal. Soporta transmisión de TV en directo e Gravacións, escoita de canles de radio, Guía e programacións. Este complemento combina o antigo ffmpeg e os complementos tsreader.</description>
    <description lang="he_IL">לקוח טלוויזיה חיה של MediaPortal. תומך בהזרמת שידורים חיים והקלטות, האזנה לרדיו, הצגת לוח שידורים ותזמון הקלטות. הרחבה זו משלבת את ההרחבות הקודמות המבוססות על FFmpeg ו־TSReader.</description>
    <description lang="hr_HR">MediaPortal TV poslužitelj sučelje. Podržava stremanje i snimanje TV programa, slušanje radio programa, elektronski programski vodič (EPG) i vremenski zadano snimanje. Ovaj dodatak objedinjuje nekadašnje ffmpeg i tsreader dodatke.</description>
    <description lang="hu_HU">MediaPortal TV kiszolgáló előtét. Élő adások, felvételek és rádióadások támogatása EPG-vel és időzítéssel. Ez a kiegészítő egyesíti az ffmpeg, és a tsreader kiegészítőket.</description>
    <description lang="id_ID">Frontend Server TV MediaPortal. Mendukung pengaliran TV dan Rekaman langsung, mendengarkan kanal radio, EPG dan Timer. Pengaya ini mengkombinasikan penggaya ffmeg dan tsreader yang lama.</description>
    <description lang="is_IS">Framendi fyrir MediaPortal TV. Styður streymingu á beinum útsendingum og upptökum, hlustun á útvarpsrásum, rafrænum sjónvarpsvísum (EPG) og tímatöku. Þessi viðbók sameinar fyrri viðbætur fyrir ffmpeg og tsreader </description>
    <description lang="it_IT">Frontend del server MediaPortal TV. Supporta lo streaming di Live TV e le registrazioni, l'ascolto dei canali radio, EPG e i timer. Questo addon combina gli addon ffmpeg e tsreaded.</description>
    <description lang="ja_JP">MediaPortal TV サーバーのフロントエンドです。ライブテレビのストリーミングや録画、ラジオチャンネルの視聴、EPG、タイマーなどをサポートしています。以前の ffmpeg アドオンと tsreader アドオンを組み合わせたものです。</description>
    <description lang="ko_KR">MediaPortal TV Server 프론트엔드. TV 시청 &amp; 녹화, 라디오 채널 청취, EPG 및 타이머 지원. 이 애드온은 이전의 ffmpeg 과 tsreader 애드온을 합친 것입니다.</description>
    <description lang="lt_LT">MediaPortal TV Serverio sąsaja. Palaiko televizijos transliacijas ir Įrašus, radijo kanalus, EPG ir laikmačius. Šis priedas apjungia ankstesnius ffmpeg ir TSreader priedus.</description>
    <description lang="lv_LV">MediaPortal TV Server galasistēma. Atbalsta tiešraides TV un ierakstu straumēšanu, radio kanālu klausīšanos, EPG un taimerus. Šis pielikums kombinē senākos ffmpeg un tsreader pielikumus.</description>
    <description lang="mk_MK">MediaPortal TV Server frontend. Supports streaming of Live TV &amp; Recordings, listening to Radio channels, EPG and Timers. This addon combines the former ffmpeg and tsreader addons.</description>
    <description lang="ms_MY">Bahagian hadapan Pelayan TV MediaPortal; menyokong penstriman TV Langsung &amp; Rakaman, mendengar saluran Radio, EPG dan Pemasa. Tambahan ini gabungkan tambahan ffmpef fan tsreader terdahulu.</description>
    <description lang="nb_NO">MediaPortal TV-tjenerdrakt. Støtter strømming av direkte-TV og opptak, Lytting til radiokanaler, EPG og tidsur. Dette tillegget kombinererer de tidligere ffmpeg- og tsreader -tilleggene.</description>
    <description lang="nl_NL">MediaPortal TV Server frontend. Ondersteunt het bekijken van Live-TV en opnames, het beluisteren van radiozenders, het tonen van de EPG en het inplannen/beheren van nieuwe opnames (Timers).</description>
    <description lang="pl_PL">Klient telewizyjny dla MediaPortal obsługuje transmisje kanałów radiowych i telewizyjnych, nagrywanie i harmonogram nagrań oraz funkcje przewodnika telewizyjnego. Klient ten łączy w sobie funkcje wcześniejszych klientów ffmpeg i tsreader.</description>
    <description lang="pt_BR">Frontend do Servidor de TV  do MediaPortal. Suporta streaming de TV Ao Vivo e Gravações, escutar canais de rádio, EPG e Agendamentos. Este addon combina os antigos addons ffmpeg e tsreader</description>
    <description lang="pt_PT">Interface para o servidor MediaPortal TV. Suporta transmissão de TV em direto e gravações, ouvir estações de Rádio, EPG e Temporizadores. Este add-on combina os antigos add-ons ffmpeg e tsreader.</description>
    <description lang="ro_RO">Partea din față pentru servitorul tv MediaPortal. Capabil de difuzarea televiunii în direct și a înregistrărilor, ascultarea canalelor Radio channels, ghid tv electronic și cronometre.</description>
    <description lang="ru_RU">Интерфейс Kodi для ТВ-сервера MediaPortal. Поддерживает просмотр и запись ТВ, прослушивание радио, EPG и таймеры. Это дополнение заменяет старые дополнения ffmpeg и tsreader.</description>
    <description lang="sk_SK">Rozhranie pre MediaPortal TV server. Podporuje streamovanie živého televízneho vysielania a nahrávok, počúvanie rozhlasových kanálov, EPG a časovače. Tento doplnok zlučuje dohromady bývalé doplnky ffmpeg a tsreader.</description>
    <description lang="sl_SI">Vmesnik za MediaPortal TV strežnik. Podpira pretakanje televizije v živo &amp; posnetkov, poslušanje radia, EPG in časovnike. Ta dodatek združuje prejšnja dodatka ffmpeg in tsreader.</description>
    <description lang="sr_RS">MediaPortal ТВ Сервер интерфејс. Подржава стримовање ТВ Уживо &amp; Снимака, слушање Радио канала, EPG и Тајмере.</description>
    <description lang="sr_RS@latin">MediaPortal TV Server interfejs. Podržava strimovanje TV Uživo &amp; Snimaka, slušanje Radio kanala, EPG i Tajmere.</description>
    <description lang="sv_SE">MediaPortal TV-server frontend. Stödjer strömning av direktsänd TV &amp; inspelningar, lyssna på radiokanaler, EPG och timers.</description>
    <description lang="tr_TR">MediaPortal TV Sunucusu ön ucu. Canlı TV akışı ve kayıt yapabilme, radyo kanalları dinleme, EPG ve zamanlayıcıları destekler. Bu eklenti eski ffmpeg ve tsreader eklentilerini birleştirir.</description>
    <description lang="uk_UA">Накладка для сервера ТВ MediaPortal. Підтримує потокове Live TV і запис, прослуховування радіо каналів, телегід та планування. Цей додаток сполучає колишні додатки ffmpeg і tsreader.</description>
    <description lang="vi_VN">Giao tiếp cho MediaPortal TV Server. Hỗ trợ truyền phát và thu chương trình Live TV, nghe Radio, hẹn giờ và hiển thị lịch trình chiếu (EPG). Addon này kết hợp cho các addon cũ của ffmpeg và tsreader.</description>
    <description lang="zh_CN">MediaPortal TV 服务器前端。支持流媒体直播电视和录像、收听电台、电子节目单和定时器。</description>
    <description lang="zh_TW">MediaPortal電視服務器的前端。支援的串流檔案包括有：電視直播和錄影，收聽廣播頻道，電子節目表和計時器。這個插件結合了先前ffmpeg和tsreader的插件。</description>
    <disclaimer lang="af_ZA">Hierdie is onstabiele sagteware! Die outeurs is op geen manier verantwoordelik vir gefaalde opnames, inkorrekte tydhouers, gemorsde ure, of enige ander ongewensde effekte.</disclaimer>
    <disclaimer lang="be_BY">This is unstable software! The authors are in no way responsible for failed recordings, incorrect timers, wasted hours, or any other undesirable effects..</disclaimer>
    <disclaimer lang="bg_BG">Тази програма е нестабилна! Авторите не носят отговорност за неуспешно записване, некоректни броячи, пропиляното време и други нежелани ефекти.</disclaimer>
    <disclaimer lang="ca_ES">Això és programari inestable! Els autors no són de cap manera responsables dels enregistraments que han fallat, temporitzadors incorrectes, hores perdudes, o qualsevol altre efecte indesitjat.</disclaimer>
    <disclaimer lang="cs_CZ">Autoři nejsou žádným způsobem zodpovědní za neúspěšná nahrávání, chybné časovače, ztracený čas nebo jakékoliv jiné nežádoucí výsledky.</disclaimer>
    <disclaimer lang="cy_GB">Mae'r feddalwedd hon yn fregus! Nid yw'r awduron yn gyfrifol mewn unrhyw ffordd am fethu recordio, amseru gwallus, oriau wedi eu gwastraffu nac effeithiau anymunol eraill.</disclaimer>
    <disclaimer lang="da_DK">Dette er ustabil software! Ophavsmændene er på ingen måde ansvarlige for mislykkede optagelser, ukorrekte timere, spildte timer, eller andre uønskede konsekvenser..</disclaimer>
    <disclaimer lang="de_DE">Dies ist instabile Software! Die Autoren sind in keiner Weise verantwortlich für fehlgeschlagene Aufnahmen, falsche Timer, verschwendete Zeit oder andere ungewünschte Effekte.</disclaimer>
    <disclaimer lang="el_GR">Ασταθές πρόγραμμα! Οι δημιουργοί δεν είναι σε καμία περίπτωση υπεύθυνοι για αποτυχημένες εγγραφές, λανθασμένους χρονοδιακόπτες, χαμένες ώρες, ή κάθε είδους ανεπιθύμητα αποτελέσματα..</disclaimer>
    <disclaimer lang="en_AU">This is unstable software! The authors are in no way responsible for failed recordings, incorrect timers, wasted hours, or any other undesirable effects..</disclaimer>
    <disclaimer lang="en_GB">The authors are in no way responsible for failed recordings, incorrect timers, wasted hours, or any other undesirable effects.</disclaimer>
    <disclaimer lang="en_NZ">This is unstable software! The authors are in no way responsible for failed recordings, incorrect timers, wasted hours, or any other undesirable effects..</disclaimer>
    <disclaimer lang="en_US">This is unstable software! The authors are in no way responsible for failed recordings, incorrect timers, wasted hours, or any other undesirable effects..</disclaimer>
    <disclaimer lang="es_AR">¡Este software es inestable! Los autores no se responsabilizan por grabaciones fallidas, temporizadores incorrectos, horas perdidas, o cualquier otro efecto no deseado..</disclaimer>
    <disclaimer lang="es_ES">¡Este es un software inestable! Los autores no son de ninguna manera responsables de las grabaciones fallidas o incorrectas, las temporizadores perdidas, ni otros efectos no deseables..</disclaimer>
    <disclaimer lang="es_MX">¡Esto es software inestable! Los autores no son de ninguna manera responsables por grabaciones fallidas, temporizadores incorrectos, horas perdidas o cualquier otro efecto no deseado...</disclaimer>
    <disclaimer lang="et_EE">See on ebastabiilne tarkvara! Autorid ei ole kuidagi moodi vastutavad nurjunud salvestiste, ebaõige aegrelee, raisatud tundide ega muude soovimatute asjade eest.</disclaimer>
    <disclaimer lang="fi_FI">Tämä on epävakaa ohjelma! Sen tekijät eivät ole millään muotoa vastuussa epäonnistuneista tallennuksista, virheellisistä ajastuksista, haaskatusta ajasta, verenpaineen noususta tai mistään muusta epäsuotuisasta vaikutuksesta.</disclaimer>
    <disclaimer lang="fr_CA">Les auteurs ne sont aucunement responsables des enregistrements défaillants, des minuteries erronées, des heures perdues ou tout autre effet indésirable.</disclaimer>
    <disclaimer lang="fr_FR">Logiciel en cours d'élaboration ! Les auteurs ne sont en aucun cas responsables de l'échec des enregistrements, programmations défectueuses, temps perdu ou autres effets indésirables.</disclaimer>
    <disclaimer lang="gl_ES">Software non estable, os autores non se fan responsábeis dos erros na gravacións, temporizadores incorrectos, e outros efectos non desexados.</disclaimer>
    <disclaimer lang="he_IL">זוהי איננה הרחבה יציבה! המפתחים אינם אחראים על כשלון בניגון, זמנים שגויים במדריך השידורים, שעות מבוזבזות או כל תופעה לא רצויה אחרת.</disclaimer>
    <disclaimer lang="hr_HR">Ovo je nestabilan softver! Autori nisu ni na koji način odgovorni za neuspjelo snimanje, netočna vremena snimanja, izgubljene sate, ili bilo koje druge nepoželjne učinke...</disclaimer>
    <disclaimer lang="hu_HU">Ez nem stabil szoftver! A készítők nem vállalnak felelősséget, a hibás felvételért, rossz időzítésért, elvesztegetett időért...</disclaimer>
    <disclaimer lang="hy_AM">Սա անկայուն ծրագրային ապահովում է: Հեղինակները պատասխանատու չեն վատ ձայնագրումների, սխալ ժամանակացույցերի, կորած ժամանակի կամ այլ ոչ ցանկալի երևույթների համար:</disclaimer>
    <disclaimer lang="id_ID">Ini merupakan software yang tidak stabil! Penulis tidak bertanggung jawab untuk rekaman gagal, timer salah, waktu terbuang, atau efek tak diinginkan lainnya...</disclaimer>
    <disclaimer lang="is_IS">Þetta er óstöðugur hugbúnaður! Höfundarnir eru á engann hátt ábyrgir fyrir misheppnuðum upptökum, röngum upptökutímum, klukkustundum sem að fóru í súginn eða nokkrum öðrum óæskilegum áhrifum.</disclaimer>
    <disclaimer lang="it_IT">Questo software non è stabile! Gli autori non sono responsabili per registrazioni fallite, timer non corretti, ore perse, o altri effetti indesiderati...</disclaimer>
    <disclaimer lang="ja_JP">これは不安定なソフトウェアです！本プログラムの作者は、録画の失敗、正確に作動しなかったタイマー、無駄にした時間、その他あらゆる好ましくない結果について責任を負わないものとします。</disclaimer>
    <disclaimer lang="ko_KR">이 소프트웨어는 불안정합니다! 제작자는 녹화 실패, 부정확한 타이머, 시간 낭비 및 기타 예상하지 못한 결과에 대해 책임지지 않습니다..</disclaimer>
    <disclaimer lang="lt_LT">Tai yra nestabili programinė įranga! Autorius jokiu būdu neatsakingas už nepavykusius įrašus, neteisingus laikmačius, iššvaistytas valandas ar nutikus kitiems nepageidaujamiems poveikiams ...[COLOR=red](Kodi.lt siūlo/rekomenduoja testuojant šį priedą persijungti į Anglų [orinali] kalbą)[/COLOR]</disclaimer>
    <disclaimer lang="lv_LV">Šī ir nestabila programmatūra! Autori nav atbildīgi par nesanākušiem ierakstiem, nepareiziem taimeriem, iztērētām stundām vai jebkādiem citiem nevēlamiem efektiem..</disclaimer>
    <disclaimer lang="mk_MK">Ова е нестабилен софтвер! Авторите на ниту еден начин не одговараат за неуспешни снимки, неточни тајмери, потрошени часови, или било кои други несакани ефекти.</disclaimer>
    <disclaimer lang="mn_MN">Тус програм нь гүйцэд хийгдэж дуусаагүй! Зохиогч нь алдаатай бичлэг, цагийн буруу хөтлөлт, алдагдсан цаг хугацаа эсвэл бусад ямар нэгэн хүсээгүй үр дүнд хариуцлага хүлээхгүй.</disclaimer>
    <disclaimer lang="ms_MY">Ini merupakan perisian tidak stabil! Pengarang tidak bertanggungjawab atas kegagalan rakaman, pemasa tidak betul, masa yang dibazirkan, atau apa jua kesan yang tidak dikehendaki..</disclaimer>
    <disclaimer lang="mt_MT">Dan il-programm mhuwiex stabbli! L-Awturi m'humiex responsabbli bl-ebda mod għal rekordings li ma jirnexxewx, arloġġi żbaljati, siegħat moħlija, jew kwalunkwe effett ieħor mhux mixtieq.</disclaimer>
    <disclaimer lang="nb_NO">Dette er ustabilt programvare! Forfatterne er ikke ansvarlig på noen måte for ødelagte opptak, feilstilte tidsur, bortkastede timer, eller andre uønskede hendelser…</disclaimer>
    <disclaimer lang="nl_NL">Deze software is niet 100% stabiel! De auteurs zijn op geen enkele wijze aansprakelijk voor mislukte opnames, verspilde tijd, of enig ander ongewild neveneffect..</disclaimer>
    <disclaimer lang="pl_PL">Oprogramowanie nadal jest w fazie rozwoju i jest niestabilne! Autorzy w żaden sposób nie są odpowiedzialni za nieudane nagrania, błędy w harmonogramie nagrań, zmarnowany czas ani jakiekolwiek inne niepożądane efekty.</disclaimer>
    <disclaimer lang="pt_BR">Este é um software instável! Os autores não são responsáveis por falhas de gravações, agendamentos incorretos, horas desperdiçadas, ou quaisquer outros efeitos indesejados.</disclaimer>
    <disclaimer lang="pt_PT">Este software é instável! Os autores não são de forma alguma responsáveis por gravações falhadas, temporizadores incorrectos, horas desperdiçadas, ou qualquer outro tipo de efeitos indesejáveis..</disclaimer>
    <disclaimer lang="ro_RO">Acesta nu este o aplicație definitivă! Autorii nu sunt în nici un fel responsabili pentru înregistrări eșuate, cronometre incorecte, ore pierdute, sau orice alte efecte nedorite...</disclaimer>
    <disclaimer lang="ru_RU">Это нестабильная программа! Авторы не несут ответственности за неудачную запись, неправильные таймеры, потраченное время и другие нежелательные последствия.</disclaimer>
    <disclaimer lang="si_LK">මෙය අස්ථිර මෘදුකාංගයකි! මෙහි සිදුවන පටිගත කිරීම් අසාර්ථක වීම්, සාවද්‍ය මුහුර්තක, නාස්ති වූ කාලයන්, හෝ වෙනත් යමිකිසි නුසුදුසු බලපෑම් සඳහා කතෘ වග කියනු නොලැබේ.</disclaimer>
    <disclaimer lang="sk_SK">Tento softvér nie je stabilný! Autori nenesú žiadnu zodpovednosť za chybné nahrávky vysielania, nesprávne časovače alebo iné neželané udalosti spôsobené týmto softvérom..</disclaimer>
    <disclaimer lang="sl_SI">To je nestabilna programska oprema! Avtorji niso odgovorni za neuspela snemanja, nepravilne časovnike, zapravljen čas in katerikoli drug neželen učinek...</disclaimer>
    <disclaimer lang="sq_AL">Ky program nuk është ende stabil! Autorët së këtij programi nuk janë në as një menyr përgjegjës për rregistrime të gabuara, timer të pasaktë, kohë të humbur ose efekte të tillë të padëshirueshëm.</disclaimer>
    <disclaimer lang="sr_RS">Аутори ни на који начин нису одговорни за неуспела снимања, неисправне тајмере, изгубљене сате, или било које друге нежељене ефекте...</disclaimer>
    <disclaimer lang="sr_RS@latin">Autori ni na koji način nisu odgovorni za neuspela snimanja, neispravne tajmere, izgubljene sate, ili bilo koje druge neželjene efekte...</disclaimer>
    <disclaimer lang="sv_SE">Upphovsmännen är inte ansvariga för misslyckade inspelningar, inkorrekta timers, bortslösade timmar, eller några andra oönskade effekter..</disclaimer>
    <disclaimer lang="szl">To je niystabilny softwer! Autōry niy sōm ôdpedzialne za niypodarzōne graniy, niynŏleżne godziny EPG, stracōne godziny i inksze niychciane efekty.</disclaimer>
    <disclaimer lang="te_IN">ఇది అస్థిర సాఫ్ట్వేర్! విఫలమైన రికార్డింగ్లు, తప్పు టైమర్లు, వృధా గంటల, లేదా ఏ ఇతర అవాంఛనీయ ప్రభావాలకు ఏ విధంగా రచయితలు భాద్యుతులు కారు.</disclaimer>
    <disclaimer lang="tg_TJ">Ин нармафзори ноустувор аст! Муаллифон барои вайрониҳои сабт, вақтсанҷҳои нодуруст, соатҳои бефоида ва дигар таъсирҳои номатлуб ҷавобгар намебошанд.</disclaimer>
    <disclaimer lang="tr_TR">Bu kararsız bir yazılımdır! Yapımcılar hatalı kayıtlardan, bozuk sürelerden, harcanan vakitten veya herhangi bir olumsuz etkiden dolayı sorumlu tutulamaz.</disclaimer>
    <disclaimer lang="uk_UA">Це нестабільна програма! Автор не несуть жодної відповідальності за зіпсуті записи, неправильні таймери, потрачений час, та інші небажані ефекти.</disclaimer>
    <disclaimer lang="vi_VN">Đây là phần mềm không ổn định! Các tác giả không chịu trách nhiệm đối với bản ghi âm thất bại, giờ không chính xác, giờ lãng phí, hoặc bất kỳ tác dụng không mong muốn khác...</disclaimer>
    <disclaimer lang="zh_CN">作者不对录像失败、错误定时造成时间浪费或其它不良影响负责。</disclaimer>
    <disclaimer lang="zh_TW">這是測試版軟體！其原創作者並無法對於以下情況負責，包含：錄影失敗，不正確的定時設定，多餘時數，或任何產生的其它不良影響...</disclaimer>
    <platform>linux</platform>
  </extension>
</addon>
