<?xml version="1.0" encoding="UTF-8" standalone="yes"?>
<addon id="tools.ffmpeg-tools"
       name="FFmpeg Tools"
       version="9.0.100"
       provider-name="Team CoreELEC">
  <requires>
    <import addon="os.libreelec.tv" version="9.0"/>
    <import addon="xbmc.python" version="2.1.0"/>

  </requires>
  <extension point="xbmc.python.script" library="default.py">
    <provides></provides>
  </extension>
  <extension point="xbmc.addon.metadata">
    <summary>FFmpeg binary for transcoding and audio/video manipulating.</summary>
    <description>
ffmpeg-tools (autogenerated)
    </description>
    <disclaimer>

    </disclaimer>
    <platform>all</platform>
    <news>
100
- Initial release
    </news>
    <assets>
      <icon>resources/icon.png</icon>
      <fanart>resources/fanart.png</fanart>

    </assets>
  </extension>
</addon>
